<?xml version="1.0" encoding="UTF-8"?>
<project-private xmlns="http://www.netbeans.org/ns/project-private/1">
    <editor-bookmarks xmlns="http://www.netbeans.org/ns/editor-bookmarks/2" lastBookmarkId="0"/>
    <open-files xmlns="http://www.netbeans.org/ns/projectui-open-files/2">
        <group>
            <file>file:/C:/Users/Bruno/Documents/NetBeansProjects/FabricaCalcadosV2/src/infra/TecidoSintetico.java</file>
            <file>file:/C:/Users/Bruno/Documents/NetBeansProjects/FabricaCalcadosV2/src/infra/Palmilha.java</file>
            <file>file:/C:/Users/Bruno/Documents/NetBeansProjects/FabricaCalcadosV2/src/infra/TecidoNatural.java</file>
            <file>file:/C:/Users/Bruno/Documents/NetBeansProjects/FabricaCalcadosV2/src/interfaces/IPalmilha.java</file>
            <file>file:/C:/Users/Bruno/Documents/NetBeansProjects/FabricaCalcadosV2/src/interfaces/IBorracha.java</file>
            <file>file:/C:/Users/Bruno/Documents/NetBeansProjects/FabricaCalcadosV2/src/infra/BorrachaSintetica.java</file>
            <file>file:/C:/Users/Bruno/Documents/NetBeansProjects/FabricaCalcadosV2/src/infra/BorrachaNatural.java</file>
            <file>file:/C:/Users/Bruno/Documents/NetBeansProjects/FabricaCalcadosV2/src/infra/Sapato.java</file>
        </group>
    </open-files>
</project-private>
